"gene_name","microRNA","score"
"BCL7A","hsa-let-7b-5p",0.999898212848007
"CDC25A","hsa-let-7b-5p",0.999671114412582
"CDC25A","hsa-let-7b-5p",0.999671114412582
"BCL7A","hsa-let-7b-5p",0.999594869598436
"BCL7A","hsa-let-7b-5p",0.999594869598436
"BCL7A","hsa-let-7b-5p",0.999594869598436
