"","gene_name","microRNA","score"
"1469","BCL7A","hsa-let-7b-5p",'0.999898212848007
"4808","CDC25A","hsa-let-7b-5p",'0.999671114412582
"4812","CDC25A","hsa-let-7b-5p",'0.999671114412582
"5565","BCL7A","hsa-let-7b-5p",'0.999594869598436
"5585","BCL7A","hsa-let-7b-5p",'0.999594869598436
"5592","BCL7A","hsa-let-7b-5p",'0.999594869598436
